City_ID,City,Country,Date,Lat,Lng,Max Temp,Humidity,Cloudiness,Wind Speed
0,Tyukhtet,RU,2021-11-27 22:28:00,56.5389,89.3011,20.3,91,100,16.78
1,Tarakan,ID,2021-11-27 22:28:00,3.3,117.6333,77.45,88,100,8.19
2,Camacha,PT,2021-11-27 22:28:00,33.0833,-16.3333,59.76,82,40,14.97
3,Severo-Kurilsk,RU,2021-11-27 22:25:33,50.6789,156.125,28.47,65,77,28.45
4,Goderich,CA,2021-11-27 22:28:00,43.7501,-81.7165,28.72,86,100,6.91
5,Vaini,TO,2021-11-27 22:28:01,-21.2,-175.2,84.36,84,75,8.05
6,Ushuaia,AR,2021-11-27 22:28:01,-54.8,-68.3,53.26,35,0,10.36
7,Mataura,NZ,2021-11-27 22:24:14,-46.1927,168.8643,59.38,46,59,1.74
8,Kasama,ZM,2021-11-27 22:28:01,-10.2129,31.1808,61.47,96,77,4.18
9,Cape Town,ZA,2021-11-27 22:27:03,-33.9258,18.4232,63.01,94,75,18.41
10,Martapura,ID,2021-11-27 22:28:02,-3.4167,114.85,75.29,100,75,2.3
11,Port Alfred,ZA,2021-11-27 22:28:02,-33.5906,26.891,64.2,82,37,8.72
12,Georgetown,MY,2021-11-27 22:28:02,5.4112,100.3354,76.95,94,20,2.3
13,Punta Arenas,CL,2021-11-27 22:27:36,-53.15,-70.9167,53.71,54,90,8.05
14,Parry Sound,CA,2021-11-27 22:28:02,45.3501,-80.033,24.85,39,36,3.18
15,Bluff,NZ,2021-11-27 22:23:12,-46.6,168.3333,51.75,64,1,2.39
16,Hasaki,JP,2021-11-27 22:28:03,35.7333,140.8333,37.8,52,0,11.97
17,Constantine,DZ,2021-11-27 22:28:03,36.365,6.6147,49.41,61,75,16.11
18,Bethel,US,2021-11-27 22:28:03,41.3712,-73.414,37.76,38,1,9.22
19,Aleppo,SY,2021-11-27 22:28:04,36.25,37.5,58.08,66,100,6.15
20,Karratha,AU,2021-11-27 22:28:04,-20.7377,116.8463,84.16,27,5,15.99
21,Pevek,RU,2021-11-27 22:28:04,69.7008,170.3133,-13.77,84,6,4.34
22,Chute-Aux-Outardes,CA,2021-11-27 22:28:04,49.1168,-68.399,28.71,93,90,12.66
23,Mar Del Plata,AR,2021-11-27 22:25:31,-38.0023,-57.5575,62.53,91,98,18.57
24,Sumbe,AO,2021-11-27 22:28:05,-11.2061,13.8437,75.96,82,100,3.15
25,Ventspils,LV,2021-11-27 22:28:05,57.3894,21.5606,31.93,100,90,9.22
26,Smirnykh,RU,2021-11-27 22:28:05,49.75,142.8333,22.39,84,6,4.32
27,Presidente Medici,BR,2021-11-27 22:28:06,-11.1753,-61.9014,79.52,86,74,4.16
28,Tual,ID,2021-11-27 22:28:06,-5.6667,132.75,82.72,72,99,3.85
29,Salalah,OM,2021-11-27 22:28:06,17.0151,54.0924,73.49,49,0,3.44
30,Rikitea,PF,2021-11-27 22:23:07,-23.1203,-134.9692,75.79,79,11,15.21
31,Ishigaki,JP,2021-11-27 22:28:07,24.3448,124.1572,68.13,94,75,17.27
32,Puerto Ayora,EC,2021-11-27 22:28:07,-0.7393,-90.3518,75.16,75,77,10.58
33,Upernavik,GL,2021-11-27 22:25:33,72.7868,-56.1549,7.52,98,86,6.62
34,Ukrayinka,UA,2021-11-27 22:28:07,47.9167,35.35,46.69,97,48,11.03
35,Clyde,US,2021-11-27 22:28:08,41.3042,-82.9752,37.81,59,100,8.28
36,Tuktoyaktuk,CA,2021-11-27 22:28:08,69.4541,-133.0374,-9.4,77,90,24.16
37,Busselton,AU,2021-11-27 22:28:08,-33.65,115.3333,66.09,61,1,5.61
38,Shiyan,CN,2021-11-27 22:28:08,32.6475,110.7781,44.53,65,92,1.7
39,Torbay,CA,2021-11-27 22:28:09,47.6666,-52.7314,50.77,93,90,23.02
40,Carnarvon,AU,2021-11-27 22:25:37,-24.8667,113.6333,75.27,46,0,10.36
41,San Rafael,AR,2021-11-27 22:28:09,-34.6177,-68.3301,68.7,49,91,16.06
42,Kerema,PG,2021-11-27 22:28:09,-7.9631,145.7785,81.01,76,87,1.74
43,Provideniya,RU,2021-11-27 22:25:34,64.3833,-173.3,-5.33,84,10,5.86
44,Saint-Philippe,RE,2021-11-27 22:28:10,-21.3585,55.7679,76.59,85,59,6.78
45,Baymak,RU,2021-11-27 22:28:10,52.5933,58.3225,3.38,74,2,3.13
46,Hilo,US,2021-11-27 22:26:29,19.7297,-155.09,80.33,57,75,5.75
47,Atuona,PF,2021-11-27 22:29:10,-9.8,-139.0333,78.73,73,41,20.42
48,New Norfolk,AU,2021-11-27 22:29:10,-42.7826,147.0587,58.5,59,6,2.35
49,Qaanaaq,GL,2021-11-27 22:29:11,77.484,-69.3632,1.51,96,100,1.19
50,Otjimbingwe,NA,2021-11-27 22:29:11,-22.35,16.1333,69.91,29,0,4.12
51,Santa Maria,BR,2021-11-27 22:29:11,-29.6842,-53.8069,74.5,83,40,2.3
52,Jamestown,US,2021-11-27 22:29:12,42.097,-79.2353,33.12,74,90,5.75
53,Kodiak,US,2021-11-27 22:25:34,57.79,-152.4072,17.11,53,1,19.57
54,Aldan,RU,2021-11-27 22:29:12,58.6031,125.3894,-2.85,94,100,7.29
55,Lumeje,AO,2021-11-27 22:29:12,-11.55,20.7833,67.1,92,98,3.87
56,Nikolskoye,RU,2021-11-27 22:29:13,59.7035,30.7861,28.29,93,100,13.18
57,Cap Malheureux,MU,2021-11-27 22:29:13,-19.9842,57.6142,73.89,70,7,8.86
58,Avarua,CK,2021-11-27 22:29:13,-21.2078,-159.775,82.45,83,20,11.5
59,Vao,NC,2021-11-27 22:29:13,-22.6667,167.4833,74.16,90,100,21.7
60,Bredasdorp,ZA,2021-11-27 22:24:17,-34.5322,20.0403,65.77,67,70,8.14
61,Tiksi,RU,2021-11-27 22:29:14,71.6872,128.8694,-5.71,97,100,7.0
62,Dobris,CZ,2021-11-27 22:29:14,49.7811,14.1672,37.04,88,100,1.95
63,Saldanha,ZA,2021-11-27 22:29:14,-33.0117,17.9442,62.65,94,56,15.57
64,Albany,US,2021-11-27 22:25:09,42.6001,-73.9662,29.05,65,8,12.06
65,Mehamn,NO,2021-11-27 22:29:15,71.0357,27.8492,15.58,86,51,13.76
66,Cabra,ES,2021-11-27 22:29:15,37.4725,-4.4421,40.3,72,22,3.62
67,Flinders,AU,2021-11-27 22:29:15,-34.5833,150.8552,60.08,83,100,11.45
68,East London,ZA,2021-11-27 22:28:58,-33.0153,27.9116,65.34,93,42,4.21
69,Bengkulu,ID,2021-11-27 22:29:15,-3.8004,102.2655,76.1,88,100,4.05
70,Hobart,AU,2021-11-27 22:28:18,-42.8794,147.3294,58.86,67,0,10.36
71,Cuamba,MZ,2021-11-27 22:29:16,-14.8031,36.5372,66.02,77,1,7.61
72,Geraldton,AU,2021-11-27 22:29:16,-28.7667,114.6,63.01,59,1,5.75
73,Banepa,NP,2021-11-27 22:29:16,27.6298,85.5214,46.72,100,20,2.3
74,Saskylakh,RU,2021-11-27 22:29:17,71.9167,114.0833,-2.9,92,92,10.18
75,Gwadar,PK,2021-11-27 22:29:17,25.1216,62.3254,74.88,47,1,2.8
76,Ostrovnoy,RU,2021-11-27 22:24:21,68.0531,39.5131,9.73,86,15,8.66
77,Butaritari,KI,2021-11-27 22:29:17,3.0707,172.7902,82.06,74,30,20.36
78,Nanjing,CN,2021-11-27 22:29:18,32.0617,118.7778,42.71,76,4,9.55
79,Dikson,RU,2021-11-27 22:29:18,73.5069,80.5464,-11.22,97,100,8.81
80,Port Elizabeth,ZA,2021-11-27 22:27:31,-33.918,25.5701,61.09,77,0,5.75
81,Nurma,RU,2021-11-27 22:29:18,59.55,31.0167,27.99,93,100,11.68
82,Katsuura,JP,2021-11-27 22:29:19,35.1333,140.3,46.51,55,0,16.89
83,Bambous Virieux,MU,2021-11-27 22:29:19,-20.3428,57.7575,73.65,88,40,5.75
84,Narsaq,GL,2021-11-27 22:29:19,60.9167,-46.05,37.62,97,100,8.46
85,Djenne,ML,2021-11-27 22:29:20,13.9061,-4.5533,84.09,15,97,7.99
86,Port Lincoln,AU,2021-11-27 22:29:20,-34.7333,135.8667,60.46,74,0,12.53
87,Bria,CF,2021-11-27 22:29:20,6.5423,21.9863,71.55,37,92,1.57
88,Esperance,AU,2021-11-27 22:29:20,-33.8667,121.9,60.64,62,1,14.2
89,Canyon,US,2021-11-27 22:29:21,34.9803,-101.9188,65.25,15,100,18.23
90,Barcelos,PT,2021-11-27 22:29:21,41.5388,-8.6151,42.94,75,6,7.07
91,Egvekinot,RU,2021-11-27 22:29:21,66.3167,-179.1667,-16.11,85,3,6.02
92,Green River,US,2021-11-27 22:29:22,41.5286,-109.4662,46.8,41,93,11.63
93,Na Wa,TH,2021-11-27 22:30:22,17.4897,104.1006,60.01,82,67,3.65
94,Hermanus,ZA,2021-11-27 22:30:22,-34.4187,19.2345,64.4,81,31,17.36
95,Puerto Escondido,MX,2021-11-27 22:30:22,15.85,-97.0667,83.23,74,40,5.75
96,Atyrau,KZ,2021-11-27 22:30:22,47.1167,51.8833,35.62,48,40,20.13
97,Kapaa,US,2021-11-27 22:28:47,22.0752,-159.319,80.92,57,1,10.36
98,Qaqortoq,GL,2021-11-27 22:29:10,60.7167,-46.0333,37.9,96,100,7.65
99,El Alto,PE,2021-11-27 22:30:23,-4.2714,-81.2147,71.26,78,57,13.06
100,Agogo,GH,2021-11-27 22:30:23,6.8,-1.0819,73.35,85,94,6.11
101,Yellowknife,CA,2021-11-27 22:30:16,62.456,-114.3525,-7.08,77,20,5.75
102,Ilulissat,GL,2021-11-27 22:27:57,69.2167,-51.1,24.82,58,75,18.41
103,Muyezerskiy,RU,2021-11-27 22:30:24,63.9333,31.65,6.48,99,98,3.31
104,Kenai,US,2021-11-27 22:30:24,60.5544,-151.2583,6.89,78,90,0.0
105,Kulhudhuffushi,MV,2021-11-27 22:30:24,6.6221,73.07,80.96,78,100,12.01
106,Chuy,UY,2021-11-27 22:30:24,-33.6971,-53.4616,66.4,88,69,8.41
107,Te Anau,NZ,2021-11-27 22:28:22,-45.4167,167.7167,53.78,65,100,0.56
108,Novikovo,RU,2021-11-27 22:30:25,51.1537,37.8879,41.61,97,100,8.55
109,Mayo,US,2021-11-27 22:26:48,38.8876,-76.5119,42.84,36,1,3.44
110,Norman Wells,CA,2021-11-27 22:26:49,65.282,-126.8329,-18.36,76,20,0.0
111,Lorengau,PG,2021-11-27 22:30:25,-2.0226,147.2712,82.69,75,100,3.0
112,Cidreira,BR,2021-11-27 22:25:27,-30.1811,-50.2056,69.78,93,65,9.35
113,Honningsvag,NO,2021-11-27 22:30:25,70.9821,25.9704,24.98,74,25,23.78
114,Luderitz,NA,2021-11-27 22:30:26,-26.6481,15.1594,60.06,87,0,4.32
115,Sung Noen,TH,2021-11-27 22:30:26,14.8992,101.8207,63.01,83,72,4.23
116,Farah,AF,2021-11-27 22:30:26,32.5,62.5,48.83,37,6,2.57
117,Kodinsk,RU,2021-11-27 22:30:27,58.6881,99.1844,13.95,94,100,6.24
118,Khatanga,RU,2021-11-27 22:30:27,71.9667,102.5,-7.85,93,100,13.58
119,Yaan,NG,2021-11-27 22:30:27,7.3833,8.5667,78.49,46,85,7.74
120,Kaputa,ZM,2021-11-27 22:30:29,-8.4689,29.6619,69.44,84,9,4.0
121,Havre-Saint-Pierre,CA,2021-11-27 22:30:29,50.2334,-63.5986,42.8,87,90,10.36
122,Staryy Nadym,RU,2021-11-27 22:30:29,65.6118,72.6842,-2.63,100,97,8.25
123,Grindavik,IS,2021-11-27 22:30:30,63.8424,-22.4338,34.27,100,75,3.44
124,Kurilsk,RU,2021-11-27 22:30:30,45.2333,147.8833,36.25,66,99,18.84
125,Baruun-Urt,MN,2021-11-27 22:30:30,46.6806,113.2792,13.12,95,90,8.16
126,Rocha,UY,2021-11-27 22:30:31,-34.4833,-54.3333,67.08,84,65,9.31
127,Yulara,AU,2021-11-27 22:30:31,-25.2406,130.9889,67.84,37,0,12.66
128,Sao Joao Da Barra,BR,2021-11-27 22:26:39,-21.6403,-41.0511,76.01,82,74,5.99
129,Dingle,PH,2021-11-27 22:27:53,10.9995,122.6711,75.72,93,100,6.93
130,Waingapu,ID,2021-11-27 22:30:31,-9.6567,120.2641,79.81,82,100,5.06
131,Pangai,TO,2021-11-27 22:30:32,-19.8,-174.35,81.79,76,99,13.94
132,Kiruna,SE,2021-11-27 22:30:32,67.8557,20.2251,-8.48,84,90,1.14
133,Yalutorovsk,RU,2021-11-27 22:30:32,56.6536,66.3006,24.12,92,93,10.51
134,Hovd,MN,2021-11-27 22:30:33,48.0056,91.6419,13.95,35,4,2.93
135,Lundazi,ZM,2021-11-27 22:30:33,-12.2929,33.1782,64.63,81,27,4.79
136,Aklavik,CA,2021-11-27 22:30:33,68.2191,-135.0107,-10.37,64,40,13.8
137,Vostok,RU,2021-11-27 22:30:33,46.4856,135.8833,6.4,96,61,4.79
138,Telenesti,MD,2021-11-27 22:30:34,47.4997,28.3656,45.07,78,1,2.06
139,Ngunguru,NZ,2021-11-27 22:30:34,-35.6167,174.5,65.5,69,99,7.63
140,Eenhana,NA,2021-11-27 22:31:35,-17.4667,16.3333,78.57,40,90,1.9
141,Tinskoy,RU,2021-11-27 22:31:35,56.1525,96.9161,20.3,94,100,8.3
142,Mantenopolis,BR,2021-11-27 22:31:35,-18.8625,-41.1228,65.32,94,100,2.37
143,Mananjary,MG,2021-11-27 22:31:36,-21.2167,48.3333,68.86,90,100,11.48
144,Cockburn Town,TC,2021-11-27 22:27:28,21.4612,-71.1419,79.34,66,28,11.36
145,Anacortes,US,2021-11-27 22:30:16,48.5126,-122.6127,53.92,88,90,6.91
146,Lazaro Cardenas,MX,2021-11-27 22:31:36,17.9583,-102.2,82.11,67,14,7.83
147,Malinovskiy,RU,2021-11-27 22:31:36,61.1953,62.8397,26.83,95,82,5.64
148,Le Port,RE,2021-11-27 22:31:37,-20.9373,55.2919,77.0,84,43,6.11
149,Saint-Georges,GD,2021-11-27 22:31:37,12.0564,-61.7485,82.08,83,20,5.75
150,Barrow,US,2021-11-27 22:27:53,71.2906,-156.7887,-14.78,84,20,3.44
151,Sao Felix Do Xingu,BR,2021-11-27 22:31:37,-6.6447,-51.995,74.3,94,100,1.05
152,Ponta Do Sol,PT,2021-11-27 22:31:38,32.6667,-17.1,63.23,75,26,5.37
153,Byron Bay,AU,2021-11-27 22:31:38,-28.65,153.6167,71.55,89,96,11.74
154,Saint George,US,2021-11-27 22:31:02,37.1041,-113.5841,61.39,14,1,0.0
155,Kununurra,AU,2021-11-27 22:31:38,-15.7667,128.7333,82.38,74,30,4.61
156,Svetlaya,RU,2021-11-27 22:31:40,46.5389,138.3297,22.98,72,2,9.75
157,Cherskiy,RU,2021-11-27 22:31:40,68.75,161.3,-24.93,91,10,3.4
158,Nikel,RU,2021-11-27 22:31:40,69.4128,30.222,-7.42,100,94,4.32
159,Gushikawa,JP,2021-11-27 22:31:40,26.3544,127.8686,69.39,60,20,23.02
160,Dongsheng,CN,2021-11-27 22:31:41,39.8161,109.9776,30.06,85,4,7.63
161,Bukachacha,RU,2021-11-27 22:31:41,52.9833,116.9167,7.81,89,100,3.09
162,Mildura,AU,2021-11-27 22:31:41,-34.2,142.15,69.76,49,1,10.36
163,Itacoatiara,BR,2021-11-27 22:31:42,-3.1431,-58.4442,80.98,75,100,2.1
164,Amalapuram,IN,2021-11-27 22:31:42,16.5833,82.0167,77.02,81,100,8.43
165,Bardiyah,LY,2021-11-27 22:31:42,31.7561,25.0865,70.3,49,9,15.9
166,Bathsheba,BB,2021-11-27 22:30:20,13.2167,-59.5167,81.21,83,20,9.22
167,Gat,IL,2021-11-27 22:31:42,31.61,34.7642,57.88,42,19,2.66
168,Najran,SA,2021-11-27 22:29:09,17.4924,44.1277,63.25,47,3,1.23
169,Los Andes,CL,2021-11-27 22:31:43,-32.8337,-70.5983,71.37,45,40,7.36
170,Maliq,AL,2021-11-27 22:31:43,40.7058,20.6997,44.92,87,100,5.32
171,Saryg-Sep,RU,2021-11-27 22:31:43,51.5,95.6,-4.43,97,99,3.31
172,Sibolga,ID,2021-11-27 22:31:44,1.7427,98.7792,73.94,88,100,3.85
173,Lebu,CL,2021-11-27 22:31:44,-37.6167,-73.65,54.5,77,1,17.94
174,Pushkinskiye Gory,RU,2021-11-27 22:31:44,57.0209,28.9103,30.2,97,100,5.82
175,Povenets,RU,2021-11-27 22:31:45,62.8487,34.8262,17.71,90,100,10.56
176,Giresun,TR,2021-11-27 22:31:45,40.5,38.5,34.92,98,100,8.77
177,Eunice,US,2021-11-27 22:31:45,30.4944,-92.4176,55.36,70,100,5.23
178,Joshimath,IN,2021-11-27 22:31:46,30.5667,79.5667,44.73,22,0,7.05
179,Mahebourg,MU,2021-11-27 22:28:00,-20.4081,57.7,73.69,88,40,5.75
180,Moron,AR,2021-11-27 22:29:44,-34.6534,-58.6198,76.89,53,100,10.78
181,Paraiso,CR,2021-11-27 22:31:46,9.8383,-83.8656,72.46,93,57,3.98
182,Karlskoga,SE,2021-11-27 22:31:46,59.3267,14.5239,26.51,65,100,8.23
183,Portland,US,2021-11-27 22:30:07,45.5234,-122.6762,61.38,94,90,8.05
184,Pitimbu,BR,2021-11-27 22:31:47,-7.4706,-34.8086,81.19,66,87,12.44
185,Arraial Do Cabo,BR,2021-11-27 22:29:13,-22.9661,-42.0278,72.34,94,84,6.85
186,La Ronge,CA,2021-11-27 22:28:00,55.1001,-105.2842,26.85,50,1,9.22
187,Sola,VU,2021-11-27 22:32:47,-13.8833,167.55,80.82,75,29,7.61
188,Illapel,CL,2021-11-27 22:31:05,-31.6308,-71.1653,65.73,55,0,5.66
189,Severnyy,RU,2021-11-27 22:32:48,50.677,36.5532,41.04,100,90,6.71
190,Athabasca,CA,2021-11-27 22:28:01,54.7169,-113.2854,28.22,82,79,6.22
191,Juba,SS,2021-11-27 22:32:48,4.8517,31.5825,76.57,65,70,3.96
192,Airai,TL,2021-11-27 22:32:48,-8.9266,125.4092,66.13,81,99,0.74
193,Southbridge,US,2021-11-27 22:32:49,42.0751,-72.0334,34.18,74,6,10.69
194,Vredendal,ZA,2021-11-27 22:27:51,-31.6683,18.5012,63.3,89,20,12.12
195,Biak,ID,2021-11-27 22:32:49,-0.9131,122.8766,78.28,81,100,2.86
196,San Quintin,MX,2021-11-27 22:32:49,30.4833,-115.95,69.75,44,0,9.24
197,Morros,BR,2021-11-27 22:32:50,-9.4467,-46.3003,75.99,77,70,5.77
198,Aras,ES,2021-11-27 22:32:50,42.5617,-2.356,34.21,93,90,20.71
199,Castro,BR,2021-11-27 22:32:50,-24.7911,-50.0119,68.79,64,15,1.19
200,Kyren,RU,2021-11-27 22:32:50,51.6828,102.1408,1.27,80,4,2.21
201,Darab,IR,2021-11-27 22:32:51,28.7519,54.5444,59.41,43,0,1.57
202,Umm Lajj,SA,2021-11-27 22:32:49,25.0213,37.2685,79.02,53,0,8.95
203,Port Said,EG,2021-11-27 22:32:51,31.2565,32.2841,72.14,64,29,8.39
204,Lavrentiya,RU,2021-11-27 22:32:51,65.5833,-171.0,-10.55,93,4,7.96
205,Victoria,HK,2021-11-27 22:30:17,22.2855,114.1577,67.98,56,84,6.17
206,Rawson,AR,2021-11-27 22:32:52,-43.3002,-65.1023,59.72,66,5,13.27
207,Sembe,CG,2021-11-27 22:32:52,1.6481,14.5806,71.71,83,54,2.04
208,Hithadhoo,MV,2021-11-27 22:32:52,-0.6,73.0833,81.52,71,39,17.25
209,Sakakah,SA,2021-11-27 22:32:53,29.9697,40.2064,56.77,45,15,6.22
210,Thompson,CA,2021-11-27 22:32:53,55.7435,-97.8558,23.16,80,90,8.05
211,Clyde River,CA,2021-11-27 22:32:53,70.4692,-68.5914,-8.95,99,89,5.57
212,Talnakh,RU,2021-11-27 22:32:54,69.4865,88.3972,0.0,96,100,9.24
213,Lannion,FR,2021-11-27 22:32:54,48.75,-3.4167,43.05,49,0,14.97
214,Fort Nelson,CA,2021-11-27 22:32:54,58.8053,-122.7002,11.79,85,75,2.3
215,Arcachon,FR,2021-11-27 22:32:54,44.5875,-1.0519,39.25,87,81,2.3
216,Himeji,JP,2021-11-27 22:32:28,34.8167,134.7,49.93,62,2,6.51
217,Mbini,GQ,2021-11-27 22:32:55,1.574,9.6134,75.04,85,100,11.68
218,Pacific Grove,US,2021-11-27 22:31:35,36.6177,-121.9166,74.88,48,1,5.75
219,Lata,PT,2021-11-27 22:32:55,40.1629,-8.3327,45.01,69,0,4.23
220,Cleveland,US,2021-11-27 22:30:57,41.4995,-81.6954,37.58,80,90,8.05
221,Khawhai,IN,2021-11-27 22:32:55,23.3667,93.1167,44.62,97,33,3.33
222,Bandar,ID,2021-11-27 22:32:56,2.05,99.75,71.78,93,100,1.7
223,Brae,GB,2021-11-27 22:32:56,60.3964,-1.353,31.91,58,100,15.41
224,Bordighera,IT,2021-11-27 22:30:23,43.7806,7.6645,51.71,53,41,5.99
225,Neiafu,TO,2021-11-27 22:32:56,-18.65,-173.9833,84.88,74,40,11.5
226,Lakselv,NO,2021-11-27 22:29:13,70.0513,24.9718,6.62,78,90,21.85
227,Xining,CN,2021-11-27 22:32:57,36.6167,101.7667,28.76,38,20,1.7
228,Fortuna,US,2021-11-27 22:32:57,40.5982,-124.1573,59.92,88,1,9.22
229,Tahe,CN,2021-11-27 22:33:57,52.3333,124.7333,13.78,95,100,2.91
230,Zhuhai,CN,2021-11-27 22:33:58,22.2769,113.5678,67.71,73,0,12.66
231,Niamtougou,TG,2021-11-27 22:33:58,9.7681,1.1053,77.7,22,91,3.96
232,Purpe,RU,2021-11-27 22:33:58,64.4803,76.6897,9.21,96,99,8.66
233,Alice Springs,AU,2021-11-27 22:32:10,-23.7,133.8833,65.75,45,1,4.61
234,Souillac,MU,2021-11-27 22:33:59,-20.5167,57.5167,73.78,88,40,5.75
235,Flin Flon,CA,2021-11-27 22:33:59,54.7682,-101.865,26.44,59,20,9.22
236,Pecanha,BR,2021-11-27 22:33:59,-18.5486,-42.5569,60.1,99,99,2.33
237,Arlit,NE,2021-11-27 22:29:31,18.7369,7.3853,77.97,14,61,8.32
238,Doka,SD,2021-11-27 22:33:59,13.5167,35.7667,80.46,39,4,8.81
239,Saqqez,IR,2021-11-27 22:34:00,36.2499,46.2735,43.7,59,98,3.36
240,Chapais,CA,2021-11-27 22:32:44,49.7834,-74.8492,17.38,84,100,14.27
241,Tonstad,NO,2021-11-27 22:34:00,58.6626,6.7169,29.53,89,100,4.16
242,Kalemie,CD,2021-11-27 22:34:00,-5.9475,29.1947,69.89,78,59,2.82
243,Wodonga,AU,2021-11-27 22:31:22,-36.1167,146.8833,60.8,55,0,10.36
244,Ewa Beach,US,2021-11-27 22:34:01,21.3156,-158.0072,82.35,54,40,6.91
245,Ribeira Grande,PT,2021-11-27 22:34:02,38.5167,-28.7,61.93,65,69,9.42
246,Loreto,MX,2021-11-27 22:34:02,22.2667,-101.9667,69.6,31,100,11.99
247,Oum Hadjer,TD,2021-11-27 22:34:02,13.2954,19.6966,74.91,12,3,7.7
248,Nortelandia,BR,2021-11-27 22:34:03,-14.4547,-56.8028,78.62,79,100,0.4
249,Kharabali,RU,2021-11-27 22:34:03,47.4196,47.2568,36.43,79,100,9.71
250,Pavlogradka,RU,2021-11-27 22:32:15,54.2024,73.5592,20.19,90,97,15.14
251,Kavieng,PG,2021-11-27 22:34:03,-2.5744,150.7967,83.28,70,85,4.52
252,Yemelyanovo,RU,2021-11-27 22:34:04,56.1681,92.6767,22.01,79,100,6.71
253,Umea,SE,2021-11-27 22:34:04,63.8284,20.2597,13.93,100,75,5.75
254,Haines Junction,CA,2021-11-27 22:34:04,60.7522,-137.5108,-2.25,78,100,1.14
255,Aktau,KZ,2021-11-27 22:34:05,43.65,51.2,39.78,43,50,13.73
256,Kaitangata,NZ,2021-11-27 22:34:05,-46.2817,169.8464,59.61,51,36,3.47
257,Margraten,NL,2021-11-27 22:34:06,50.8208,5.8208,36.7,87,90,6.91
258,Bereda,ES,2021-11-27 22:34:06,43.2686,-7.5406,46.15,86,81,6.44
259,Russell,US,2021-11-27 22:34:06,32.3502,-85.1999,62.2,17,1,3.44
260,Kahului,US,2021-11-27 22:34:06,20.8947,-156.47,85.26,57,40,10.36
261,Eydhafushi,MV,2021-11-27 22:34:07,5.1033,73.0708,80.76,78,96,16.71
262,Aksu,CN,2021-11-27 22:34:07,41.1231,80.2644,27.37,61,2,4.32
263,Lagoa,PT,2021-11-27 22:34:07,39.05,-27.9833,60.71,64,88,10.31
264,Marystown,CA,2021-11-27 22:31:24,47.1666,-55.1483,47.43,84,100,8.72
265,Cabedelo,BR,2021-11-27 22:34:08,-6.9811,-34.8339,81.27,67,76,12.84
266,Miles City,US,2021-11-27 22:31:51,46.4083,-105.8406,45.57,53,1,3.44
267,Utraula,IN,2021-11-27 22:34:08,27.3167,82.4167,61.68,67,0,2.37
268,Alofi,NU,2021-11-27 22:34:08,-19.0595,-169.9187,80.49,83,93,6.91
269,Riyadh,SA,2021-11-27 22:30:17,24.6877,46.7219,64.54,36,3,6.42
270,San Policarpo,PH,2021-11-27 22:34:09,12.1791,125.5072,81.66,83,100,13.11
271,Rosignano Marittimo,IT,2021-11-27 22:34:09,43.4079,10.4729,44.73,77,94,15.5
272,Presidencia Roque Saenz Pena,AR,2021-11-27 22:34:09,-26.7852,-60.4388,83.41,30,0,6.67
273,Tigil,RU,2021-11-27 22:33:10,57.8,158.6667,-10.17,98,84,4.05
274,Vestmannaeyjar,IS,2021-11-27 22:34:10,63.4427,-20.2734,37.96,85,100,9.73
275,George,ZA,2021-11-27 22:35:10,-33.963,22.4617,60.35,88,90,4.61
276,Faanui,PF,2021-11-27 22:35:10,-16.4833,-151.75,81.64,73,13,14.83
277,Ambilobe,MG,2021-11-27 22:31:42,-13.2,49.05,75.69,89,82,1.19
278,Maromitsa,RU,2021-11-27 22:35:11,59.8683,48.0123,28.45,95,100,10.02
279,Salekhard,RU,2021-11-27 22:35:11,66.53,66.6019,-17.7,99,74,2.21
280,Bernal,PE,2021-11-27 22:35:11,-5.45,-80.75,74.37,58,54,18.16
281,Enumclaw,US,2021-11-27 22:35:11,47.2043,-121.9915,50.68,93,100,4.12
282,Namibe,AO,2021-11-27 22:35:12,-15.1961,12.1522,68.25,73,70,6.96
283,Woodland,US,2021-11-27 22:35:12,38.6785,-121.7733,67.95,52,40,0.0
284,Cabo San Lucas,MX,2021-11-27 22:35:12,22.8909,-109.9124,77.31,69,90,12.66
285,Pinawa,CA,2021-11-27 22:35:13,50.1489,-95.8811,29.17,89,100,12.5
286,Skjervoy,NO,2021-11-27 22:35:13,70.0311,20.9714,23.18,67,17,16.06
287,Coihaique,CL,2021-11-27 22:31:18,-45.5752,-72.0662,57.15,41,75,6.91
288,Tautira,PF,2021-11-27 22:35:13,-17.7333,-149.15,84.22,77,61,16.22
289,Tommot,RU,2021-11-27 22:35:14,58.9564,126.2925,3.45,91,100,9.53
290,Asosa,ET,2021-11-27 22:35:14,10.0667,34.5333,69.53,48,49,4.7
291,Tashtagol,RU,2021-11-27 22:35:14,52.7657,87.8894,24.08,69,100,8.21
292,Bayan,CN,2021-11-27 22:35:14,46.0833,127.4,18.48,88,22,6.42
293,San Antonio,US,2021-11-27 22:32:55,29.4241,-98.4936,53.62,85,90,0.0
294,Chokurdakh,RU,2021-11-27 22:35:15,70.6333,147.9167,-34.08,100,88,0.31
295,Pisco,PE,2021-11-27 22:35:15,-13.7,-76.2167,69.85,73,0,18.41
296,The Pas,CA,2021-11-27 22:35:15,53.8251,-101.2541,28.42,69,40,11.5
297,Rio Gallegos,AR,2021-11-27 22:31:36,-51.6226,-69.2181,55.45,35,75,39.12
298,Adrar,MR,2021-11-27 22:35:16,20.5022,-10.0711,66.87,40,54,13.94
299,Palmeiras De Goias,BR,2021-11-27 22:35:16,-16.805,-49.9258,73.17,87,84,4.72
300,Port Keats,AU,2021-11-27 22:35:16,-14.25,129.55,86.05,53,100,3.71
301,Tura,IN,2021-11-27 22:32:53,25.5198,90.2201,58.69,75,6,3.83
302,Urengoy,RU,2021-11-27 22:35:17,65.9667,78.3667,6.94,96,100,6.71
303,Tasiilaq,GL,2021-11-27 22:35:17,65.6145,-37.6368,28.56,88,100,13.31
304,Grand Gaube,MU,2021-11-27 22:35:17,-20.0064,57.6608,73.8,69,8,8.1
305,Lesnoy,RU,2021-11-27 22:35:18,57.6198,63.0784,25.5,90,97,9.46
306,Constitucion,CL,2021-11-27 22:34:31,-35.3333,-72.4167,56.41,75,1,18.77
307,Kalengwa,ZM,2021-11-27 22:35:18,-13.4659,25.0027,61.61,92,64,4.65
308,Shache,CN,2021-11-27 22:35:18,38.4167,77.2406,28.65,44,98,3.04
309,Boa Vista,BR,2021-11-27 22:30:38,2.8197,-60.6733,84.18,70,40,4.61
310,Damulog,PH,2021-11-27 22:35:18,7.4836,124.9431,74.73,88,97,2.84
311,Cayenne,GF,2021-11-27 22:35:19,4.9333,-52.3333,80.64,89,20,4.61
312,Beringovskiy,RU,2021-11-27 22:35:19,63.05,179.3167,2.43,98,99,8.19
313,Kijang,KR,2021-11-27 22:35:19,35.2442,129.2139,33.53,58,0,4.83
314,Hopkinsville,US,2021-11-27 22:35:20,36.8656,-87.4886,55.44,64,41,8.32
315,Zaozerne,UA,2021-11-27 22:32:51,45.1582,33.2787,55.47,92,93,15.03
316,Henties Bay,NA,2021-11-27 22:31:44,-22.116,14.2845,58.62,87,0,7.52
317,Nome,US,2021-11-27 22:35:20,64.5011,-165.4064,-5.73,59,1,10.36
318,Talcahuano,CL,2021-11-27 22:32:47,-36.7167,-73.1167,62.28,59,20,18.41
319,Mo I Rana,NO,2021-11-27 22:35:20,66.3128,14.1428,-0.09,94,48,3.98
320,Mala,PE,2021-11-27 22:35:21,-12.6581,-76.6308,66.78,87,100,5.41
321,Kang,BW,2021-11-27 22:35:21,-23.6752,22.7876,73.99,50,51,8.1
322,Evensk,RU,2021-11-27 22:35:21,61.95,159.2333,11.1,90,100,10.45
323,Hlotse,LS,2021-11-27 22:36:21,-28.8718,28.045,53.83,95,63,4.18
324,Bilibino,RU,2021-11-27 22:32:19,68.0546,166.4372,-26.59,96,11,4.21
325,Vieux-Habitants,GP,2021-11-27 22:36:22,16.0589,-61.7659,78.37,80,72,5.39
326,Berlevag,NO,2021-11-27 22:36:22,70.8578,29.0864,20.21,82,63,15.52
327,Aripuana,BR,2021-11-27 22:36:23,-9.1667,-60.6333,75.31,93,68,3.18
328,Barra,BR,2021-11-27 22:36:23,-11.0894,-43.1417,76.55,76,67,6.64
329,Beloha,MG,2021-11-27 22:36:23,-25.1667,45.05,59.79,65,0,8.43
330,Anadyr,RU,2021-11-27 22:35:17,64.75,177.4833,-3.5,77,0,8.95
331,Ponta Delgada,PT,2021-11-27 22:32:51,37.7333,-25.6667,61.52,63,75,5.75
332,Okhotsk,RU,2021-11-27 22:36:24,59.3833,143.3,-0.9,74,58,3.91
333,Naze,JP,2021-11-27 22:34:12,28.3667,129.4833,63.52,60,7,22.15
334,Hit,IQ,2021-11-27 22:36:24,33.6416,42.8251,61.9,45,100,7.94
335,Verkhnevilyuysk,RU,2021-11-27 22:36:24,63.4453,120.3167,-0.8,91,97,9.13
336,Deputatskiy,RU,2021-11-27 22:36:25,69.3,139.9,-4.04,99,100,2.33
337,Kruisfontein,ZA,2021-11-27 22:36:25,-34.0033,24.7314,59.76,76,55,4.85
338,Pleshanovo,RU,2021-11-27 22:36:25,52.8333,53.4833,6.19,91,8,4.94
339,Kashary,RU,2021-11-27 22:35:15,49.04,41.0056,38.57,91,64,9.84
340,Berdigestyakh,RU,2021-11-27 22:36:26,62.0989,126.6992,1.83,92,100,9.86
341,Carutapera,BR,2021-11-27 22:36:26,-1.195,-46.02,78.22,81,32,5.64
342,Sebastian,US,2021-11-27 22:36:26,35.1668,-94.2669,59.56,51,99,3.04
343,Qunduz,AF,2021-11-27 22:36:27,36.729,68.857,46.72,58,77,1.1
344,Dunedin,NZ,2021-11-27 22:32:35,-45.8742,170.5036,58.12,65,87,9.51
345,Wellington,NZ,2021-11-27 22:33:59,-41.2866,174.7756,62.26,82,90,8.05
346,Gigmoto,PH,2021-11-27 22:36:27,13.7796,124.39,80.13,86,100,8.48
347,Santa Rosalia,MX,2021-11-27 22:36:27,27.3167,-112.2833,68.5,64,9,7.02
348,Dehui,CN,2021-11-27 22:36:27,44.5333,125.7,32.31,78,18,14.61
349,Fare,PF,2021-11-27 22:36:28,-16.7,-151.0167,81.18,73,11,14.88
350,Quatre Cocos,MU,2021-11-27 22:36:28,-20.2078,57.7625,73.51,72,7,5.82
351,Muros,ES,2021-11-27 22:36:28,42.7762,-9.0603,45.1,67,42,12.71
352,Bonoua,CI,2021-11-27 22:36:29,5.2741,-3.595,82.02,84,71,4.29
353,Steinbach,DE,2021-11-27 22:36:29,50.1667,8.5667,35.11,93,75,3.44
354,Kilindoni,TZ,2021-11-27 22:36:29,-7.9139,39.6668,80.19,82,100,13.53
355,Kralendijk,BQ,2021-11-27 22:36:30,12.15,-68.2667,82.38,74,17,11.5
356,Iqaluit,CA,2021-11-27 22:36:30,63.7506,-68.5145,24.53,63,90,19.57
357,Visby,SE,2021-11-27 22:36:30,57.6409,18.296,35.82,93,90,11.5
358,Wuda,CN,2021-11-27 22:36:30,39.4994,106.7117,30.6,43,9,7.25
359,San Patricio,US,2021-11-27 22:36:31,28.017,-97.5169,55.26,74,100,7.52
360,Xai-Xai,MZ,2021-11-27 22:36:31,-25.0519,33.6442,64.04,77,25,5.91
361,Turka,UA,2021-11-27 22:36:31,49.1541,23.0297,37.71,95,73,6.58
362,Friendly,US,2021-11-27 22:36:32,38.7518,-76.9786,43.79,39,1,4.61
363,Gazimurskiy Zavod,RU,2021-11-27 22:36:32,51.5461,118.3266,11.52,97,100,2.51
364,Borovoy,RU,2021-11-27 22:36:32,55.4333,86.0833,20.48,93,90,17.9
365,Agde,FR,2021-11-27 22:36:32,43.3108,3.4758,42.84,75,75,12.66
366,Porbandar,IN,2021-11-27 22:33:31,21.6422,69.6093,74.71,63,38,8.52
367,Poum,NC,2021-11-27 22:36:33,-20.2333,164.0167,80.67,74,1,6.29
368,Koshurnikovo,RU,2021-11-27 22:36:33,54.1667,93.3,16.45,96,100,7.45
369,Kuching,MY,2021-11-27 22:36:33,1.55,110.3333,73.62,100,20,2.3
370,Moerai,PF,2021-11-27 22:36:33,-22.4333,-151.3333,77.99,79,99,14.41
371,Roma,US,2021-11-27 22:37:34,43.2128,-75.4557,31.86,64,75,6.91
372,Broome,US,2021-11-27 22:37:34,42.2506,-75.833,29.17,59,90,9.22
373,Kedougou,SN,2021-11-27 22:37:34,12.5579,-12.1743,83.46,25,82,3.09
374,Jinxiang,CN,2021-11-27 22:37:35,27.4327,120.6062,58.84,83,100,12.33
375,Athol,US,2021-11-27 22:37:35,42.5959,-72.2268,30.56,51,1,13.8
376,Porto Velho,BR,2021-11-27 22:37:35,-8.7619,-63.9039,80.65,89,20,2.3
377,Freetown,SL,2021-11-27 22:37:35,8.484,-13.2299,83.91,70,75,6.91
378,Shubarshi,KZ,2021-11-27 22:37:36,48.5872,57.1869,24.19,76,100,8.14
379,Vardo,NO,2021-11-27 22:37:36,70.3705,31.1107,24.51,77,58,11.72
380,Aguada De Pasajeros,CU,2021-11-27 22:37:36,22.385,-80.8508,77.14,73,81,7.38
381,Ca Mau,VN,2021-11-27 22:37:37,9.1769,105.15,72.16,91,100,5.61
382,Igrim,RU,2021-11-27 22:37:37,63.1906,64.4162,5.97,96,62,3.96
383,Port Hardy,CA,2021-11-27 22:37:37,50.6996,-127.4199,50.0,87,90,17.27
384,Sangar,RU,2021-11-27 22:33:13,63.9242,127.4739,-13.99,100,100,2.59
385,Rampur,IN,2021-11-27 22:37:38,28.8167,79.0333,58.78,59,0,3.78
386,Fallon,US,2021-11-27 22:37:38,39.4735,-118.7774,55.27,21,1,3.44
387,Olga,RU,2021-11-27 22:37:38,43.7444,135.2892,25.77,57,0,5.97
388,Lerwick,GB,2021-11-27 22:37:38,60.1545,-1.1494,32.0,58,100,15.35
389,Makakilo City,US,2021-11-27 22:37:39,21.3469,-158.0858,80.92,55,40,6.91
390,Ust-Nera,RU,2021-11-27 22:37:39,64.5667,143.2,-13.05,98,100,8.37
391,Waipawa,NZ,2021-11-27 22:37:39,-41.4122,175.5153,59.63,90,100,4.38
392,Naurskaya,RU,2021-11-27 22:37:39,43.6519,45.3133,36.54,87,83,5.41
393,Ornskoldsvik,SE,2021-11-27 22:35:52,63.2909,18.7153,17.42,92,90,3.44
394,Eureka,US,2021-11-27 22:37:40,40.8021,-124.1637,60.19,81,94,5.17
395,Yatou,CN,2021-11-27 22:37:40,37.15,122.3833,42.69,73,74,5.7
396,Batagay-Alyta,RU,2021-11-27 22:37:40,67.8006,130.4114,-1.07,97,100,2.84
397,Nanga Eboko,CM,2021-11-27 22:37:41,4.6833,12.3667,68.65,70,53,2.48
398,General Roca,AR,2021-11-27 22:37:41,-39.0333,-67.5833,79.2,19,7,15.75
399,Saint-Paul,RE,2021-11-27 22:37:41,-21.0096,55.2707,77.11,87,43,5.7
400,Leh,IN,2021-11-27 22:37:41,34.1667,77.5833,15.03,74,42,2.1
401,Codrington,AU,2021-11-27 22:37:42,-38.2667,141.9667,60.3,60,0,10.83
402,Peniche,PT,2021-11-27 22:37:42,39.3558,-9.3811,49.48,57,84,23.8
403,Lahaina,US,2021-11-27 22:36:45,20.8783,-156.6825,85.24,67,4,1.66
404,Ukiah,US,2021-11-27 22:34:15,39.1502,-123.2078,71.49,43,1,0.0
405,Cobourg,DE,2021-11-27 22:37:42,50.2667,10.9667,33.55,93,100,3.04
406,Plettenberg Bay,ZA,2021-11-27 22:37:43,-34.0527,23.3716,62.29,79,93,3.76
407,Oranjemund,NA,2021-11-27 22:37:43,-28.55,16.4333,61.9,87,6,6.6
408,Mendeleyevo,RU,2021-11-27 22:37:43,56.0333,37.2167,37.18,93,90,13.42
409,Mmabatho,ZA,2021-11-27 22:37:43,-25.85,25.6333,62.89,74,99,17.65
410,Gamba,GA,2021-11-27 22:37:44,-2.65,10.0,75.65,90,100,1.5
411,Raudeberg,NO,2021-11-27 22:37:44,61.9875,5.1352,23.67,55,4,6.85
412,Nanortalik,GL,2021-11-27 22:37:44,60.1432,-45.2371,43.2,97,100,15.75
413,Saint Anthony,US,2021-11-27 22:37:45,45.0205,-93.218,41.95,45,1,8.05
414,Shiraoi,JP,2021-11-27 22:37:45,42.55,141.35,33.82,72,24,7.56
415,Juneau,US,2021-11-27 22:35:18,58.3019,-134.4197,33.85,86,90,0.0
416,Nishihara,JP,2021-11-27 22:37:45,26.1842,127.7558,69.46,60,75,17.27
417,Abnub,EG,2021-11-27 22:38:46,27.2696,31.1511,65.68,29,73,2.51
418,Pangnirtung,CA,2021-11-27 22:38:46,66.1451,-65.7125,17.56,77,100,7.38
419,Putai,FR,2021-11-27 22:38:46,46.6579,1.9863,36.79,98,97,16.71
420,Longyearbyen,SJ,2021-11-27 22:35:48,78.2186,15.6401,13.84,67,20,23.02
421,Carlagan,PH,2021-11-27 22:38:46,14.975,122.0456,77.47,93,98,22.73
422,Rudnogorsk,RU,2021-11-27 22:38:47,57.2639,103.7519,10.04,92,100,6.64
423,Isangel,VU,2021-11-27 22:38:47,-19.55,169.2667,82.51,78,75,11.5
424,Cervo,ES,2021-11-27 22:38:47,43.6702,-7.4101,49.42,65,89,20.45
425,Ouallam,NE,2021-11-27 22:38:48,14.3188,2.0866,80.92,14,15,7.58
426,Inuvik,CA,2021-11-27 22:38:48,68.3499,-133.7218,-10.19,77,75,12.66
427,Tilichiki,RU,2021-11-27 22:38:48,60.4667,166.1,25.38,81,100,14.76
428,Marathon,US,2021-11-27 22:38:48,44.9,-89.7668,31.53,64,90,6.91
429,Bodri,IN,2021-11-27 22:38:49,23.1667,81.4333,56.23,45,73,2.04
430,Amuntai,ID,2021-11-27 22:38:49,-2.4177,115.2494,74.43,98,99,1.03
431,Hervey Bay,AU,2021-11-27 22:38:49,-25.2986,152.8535,75.31,81,86,16.69
432,Conakry,GN,2021-11-27 22:38:26,9.538,-13.6773,84.27,79,40,4.61
433,Ushtobe,KZ,2021-11-27 22:38:50,45.2514,77.9838,25.66,49,0,12.86
434,Tuatapere,NZ,2021-11-27 22:38:50,-46.1333,167.6833,59.67,49,26,4.72
435,Teahupoo,PF,2021-11-27 22:38:50,-17.8333,-149.2667,78.76,78,64,16.42
436,Mocuba,MZ,2021-11-27 22:38:50,-16.8392,36.9856,65.89,86,38,3.6
437,Capao Da Canoa,BR,2021-11-27 22:38:51,-29.7456,-50.0097,69.89,94,57,8.5
438,Panzhihua,CN,2021-11-27 22:38:51,26.5851,101.7128,47.14,84,2,1.23
439,Mponela,MW,2021-11-27 22:38:51,-13.5319,33.7401,63.12,77,5,5.12
440,Lompoc,US,2021-11-27 22:37:05,34.6391,-120.4579,82.54,37,1,6.91
441,Kota Bahru,MY,2021-11-27 22:38:52,6.1333,102.2386,75.15,100,20,2.3
442,Havoysund,NO,2021-11-27 22:38:52,70.9963,24.6622,20.28,73,38,16.49
443,Sorong,ID,2021-11-27 22:38:52,-0.8833,131.25,79.34,83,90,4.94
444,Charters Towers,AU,2021-11-27 22:38:53,-20.1,146.2667,84.58,55,0,11.14
445,San Andres,CO,2021-11-27 22:38:53,12.5847,-81.7006,84.22,74,20,16.11
446,Piacabucu,BR,2021-11-27 22:38:54,-10.4056,-36.4344,79.56,78,26,15.39
447,Wenling,CN,2021-11-27 22:38:55,28.3669,121.36,57.34,86,96,8.3
448,Srednekolymsk,RU,2021-11-27 22:38:55,67.45,153.6833,-38.24,100,31,1.21
449,Turiacu,BR,2021-11-27 22:38:55,-1.6633,-45.3717,76.6,84,23,4.25
450,Agadez,NE,2021-11-27 22:38:56,19.75,10.25,72.72,18,6,4.76
451,Elbistan,TR,2021-11-27 22:38:56,38.2059,37.1983,48.69,87,100,1.95
452,Qinhuangdao,CN,2021-11-27 22:38:56,39.9317,119.5883,41.99,71,100,7.56
453,Miguel Hidalgo,MX,2021-11-27 22:38:56,19.4225,-99.2028,72.81,25,1,4.61
454,Touros,BR,2021-11-27 22:38:57,-5.1989,-35.4608,83.3,75,39,11.07
455,Port Macquarie,AU,2021-11-27 22:38:57,-31.4333,152.9167,67.89,83,90,12.66
456,Buala,SB,2021-11-27 22:38:57,-8.145,159.5921,84.45,71,86,4.97
457,Kiunga,PG,2021-11-27 22:38:57,-6.1219,141.2906,76.59,88,96,2.55
458,Sudak,UA,2021-11-27 22:38:58,44.85,34.9667,54.82,89,100,8.25
459,Santa Marta,CO,2021-11-27 22:38:58,11.2408,-74.199,79.34,86,31,12.17
460,Mobile,US,2021-11-27 22:35:12,30.7835,-88.2,59.05,38,75,0.0
461,Acapulco,MX,2021-11-27 22:38:58,16.8634,-99.8901,85.82,66,1,8.05
462,Ozubulu,NG,2021-11-27 22:38:59,5.9567,6.849,75.47,91,54,5.01
463,Almaznyy,RU,2021-11-27 22:38:59,48.0448,40.045,39.34,92,88,9.13
464,Dalvik,IS,2021-11-27 22:38:59,65.9702,-18.5286,30.13,88,98,5.73
465,Merauke,ID,2021-11-27 22:38:59,-8.4667,140.3333,84.56,67,100,1.41
466,Pemangkat,ID,2021-11-27 22:40:00,1.1667,108.9667,77.13,91,100,12.12
467,Peterhead,GB,2021-11-27 22:40:00,57.5058,-1.7981,34.2,56,96,21.21
468,Tulsipur,NP,2021-11-27 22:40:01,28.131,82.2973,55.83,77,0,5.14
469,Labuan,MY,2021-11-27 22:40:01,5.2767,115.2417,77.16,94,20,0.0
470,Spring Hill,US,2021-11-27 22:39:41,28.4769,-82.5255,67.87,39,1,8.05
471,Hay River,CA,2021-11-27 22:38:11,60.8156,-115.7999,1.38,71,40,3.44
472,Shimoda,JP,2021-11-27 22:40:01,34.6667,138.95,51.39,51,29,4.79
473,Waitara,NZ,2021-11-27 22:40:02,-38.925,174.25,65.68,73,100,7.2
474,Strezhevoy,RU,2021-11-27 22:40:02,60.7333,77.5889,31.98,96,100,13.27
475,Pontes E Lacerda,BR,2021-11-27 22:40:02,-15.2261,-59.3353,77.22,83,55,3.44
476,Los Llanos De Aridane,ES,2021-11-27 22:40:03,28.6585,-17.9182,64.15,60,40,20.71
477,Mount Gambier,AU,2021-11-27 22:38:27,-37.8333,140.7667,58.91,67,5,13.8
478,Sitka,US,2021-11-27 22:40:03,57.0531,-135.33,35.49,87,90,6.91
479,Takoradi,GH,2021-11-27 22:40:03,4.8845,-1.7554,79.38,83,98,7.74
480,Portel,BR,2021-11-27 22:40:03,-1.9356,-50.8211,76.33,90,72,4.07
481,Owando,CG,2021-11-27 22:40:04,-0.4819,15.8999,71.73,95,79,2.64
482,Buenos Aires,AR,2021-11-27 22:36:25,-34.6132,-58.3772,76.89,83,75,18.41
483,Morgan City,US,2021-11-27 22:40:04,29.6994,-91.2068,59.0,67,1,3.44
484,Jurado,CO,2021-11-27 22:40:04,7.1053,-77.7641,76.5,92,100,1.9
485,Avera,US,2021-11-27 22:40:05,33.194,-82.5271,60.67,35,48,4.85
486,Turukhansk,RU,2021-11-27 22:40:05,65.8167,87.9833,1.98,94,100,12.15
487,Marzuq,YE,2021-11-27 22:40:05,14.4,46.4667,66.43,40,0,3.38
488,Porto Novo,BJ,2021-11-27 22:40:05,6.4965,2.6036,84.02,81,98,7.09
489,Santa Cruz,BO,2021-11-27 22:40:06,-17.8,-63.1667,84.25,65,40,14.97
490,Bougouni,ML,2021-11-27 22:40:06,11.417,-7.479,80.01,23,98,3.58
491,Coquimbo,CL,2021-11-27 22:40:06,-29.9533,-71.3436,64.13,72,20,12.66
492,Denison,US,2021-11-27 22:40:07,33.7557,-96.5367,53.89,87,90,6.91
493,Roxana,CR,2021-11-27 22:40:07,10.2753,-83.7513,86.52,93,17,2.84
494,Matara,LK,2021-11-27 22:40:07,5.9485,80.5353,75.6,91,100,3.13
495,Dovers,VC,2021-11-27 22:40:08,12.8833,-61.1833,80.19,78,79,14.07
496,Whitehorse,CA,2021-11-27 22:40:08,60.7161,-135.0538,5.77,85,75,4.61
497,Aswan,EG,2021-11-27 22:40:08,24.0934,32.907,71.08,26,1,10.16
498,Mumford,GH,2021-11-27 22:40:08,5.2618,-0.759,80.1,81,100,9.22
499,Harper,LR,2021-11-27 22:40:09,4.375,-7.7169,79.5,85,61,9.78
500,Veraval,IN,2021-11-27 22:40:09,20.9,70.3667,74.95,64,67,8.34
501,Lensk,RU,2021-11-27 22:40:09,60.7253,114.9278,3.7,90,99,9.04
502,Paralimni,CY,2021-11-27 22:40:10,35.0375,33.9833,58.08,63,69,6.02
503,Ahipara,NZ,2021-11-27 22:35:29,-35.1667,173.1667,69.91,60,84,3.58
504,Bandarbeyla,SO,2021-11-27 22:40:10,9.4942,50.8122,78.55,76,47,15.77
505,Felipe Carrillo Puerto,MX,2021-11-27 22:40:10,19.5833,-88.05,74.82,77,49,3.85
506,Huron,US,2021-11-27 22:40:11,41.1501,-82.5499,35.04,73,100,11.54
507,Gornoye Loo,RU,2021-11-27 22:40:11,43.7129,39.6049,55.18,76,100,8.61
508,Nagato,JP,2021-11-27 22:40:11,34.3833,131.2,48.11,63,3,6.02
509,Mareeba,AU,2021-11-27 22:40:11,-17.0,145.4333,77.72,70,63,5.35
510,Lima,PE,2021-11-27 22:40:12,-12.0432,-77.0282,66.45,73,75,16.11
511,Baturaja,ID,2021-11-27 22:40:12,-4.1333,104.1667,71.26,86,100,1.14
512,San Juan,AR,2021-11-27 22:41:12,-31.5375,-68.5364,73.65,46,99,28.23
513,Pombia,IT,2021-11-27 22:41:13,45.653,8.6336,42.51,100,75,5.75
514,Mega,ET,2021-11-27 22:41:13,4.05,38.3,60.89,80,99,6.98
515,Nha Trang,VN,2021-11-27 22:41:13,12.25,109.1833,75.2,94,100,8.59
516,Elizabeth City,US,2021-11-27 22:37:38,36.2946,-76.2511,44.65,42,1,4.61
517,Grand Forks,US,2021-11-27 22:41:13,47.9417,-97.4337,35.53,64,1,17.27
518,Taoudenni,ML,2021-11-27 22:41:14,22.6783,-3.9836,73.06,29,39,16.35
519,Baoding,CN,2021-11-27 22:40:17,38.8511,115.4903,40.28,76,98,1.97
520,Llanes,ES,2021-11-27 22:41:14,43.4198,-4.7549,48.29,75,98,22.5
521,Coruripe,BR,2021-11-27 22:40:23,-10.1256,-36.1756,79.0,79,50,14.79
522,Sisimiut,GL,2021-11-27 22:38:59,66.9395,-53.6735,26.53,95,100,10.04
523,Sapulpa,US,2021-11-27 22:37:20,35.9987,-96.1142,67.68,25,1,3.44
524,Virginia Beach,US,2021-11-27 22:41:14,36.8529,-75.978,44.65,36,20,3.44
525,Kavaratti,IN,2021-11-27 22:41:15,10.5669,72.642,81.5,77,100,9.24
526,Inhambane,MZ,2021-11-27 22:41:15,-23.865,35.3833,68.29,69,49,9.17
527,Freeport,US,2021-11-27 22:40:28,40.6576,-73.5832,39.16,42,1,14.97
528,Senador Guiomard,BR,2021-11-27 22:41:15,-10.1522,-67.7392,74.95,98,100,3.8
529,Nouadhibou,MR,2021-11-27 22:41:16,20.931,-17.0347,66.18,72,22,23.02
530,Ermoupolis,GR,2021-11-27 22:41:16,37.4423,24.9425,66.9,77,84,20.71
531,Samarai,PG,2021-11-27 22:41:16,-10.6167,150.6667,83.14,74,100,5.39
532,Jaranwala,PK,2021-11-27 22:41:16,31.3333,73.4333,58.84,33,0,6.02
533,Kloulklubed,PW,2021-11-27 22:41:17,7.0419,134.2556,79.3,76,80,15.05
534,Birjand,IR,2021-11-27 22:41:17,32.8663,59.2211,43.27,70,40,6.91
535,Mpika,ZM,2021-11-27 22:41:17,-11.8343,31.4529,59.56,94,70,7.45
536,College,US,2021-11-27 22:38:21,64.8569,-147.8028,-11.25,73,75,3.44
537,Huarmey,PE,2021-11-27 22:41:18,-10.0681,-78.1522,68.5,81,86,9.22
538,Dasoguz,TM,2021-11-27 22:41:18,41.8363,59.9666,28.35,50,0,6.91
539,Broken Hill,AU,2021-11-27 22:41:18,-31.95,141.4333,65.91,63,9,11.5
540,Kultuk,RU,2021-11-27 22:41:18,51.7208,103.6956,4.44,86,7,4.92
541,Guerrero Negro,MX,2021-11-27 22:41:19,27.9769,-114.0611,73.38,46,0,13.78
542,Buraydah,SA,2021-11-27 22:41:19,26.326,43.975,61.25,43,0,8.12
543,Olafsvik,IS,2021-11-27 22:41:19,64.8945,-23.7142,39.24,87,100,3.24
544,Bin Qirdan,TN,2021-11-27 22:41:19,33.1378,11.2197,62.01,53,78,2.15
545,Jimma,ET,2021-11-27 22:41:20,7.6667,36.8333,62.26,61,76,1.23
546,Souris,CA,2021-11-27 22:41:20,49.6172,-100.2612,26.46,87,2,7.56
547,Komsomolskiy,UZ,2021-11-27 22:41:20,40.4272,71.7189,32.72,86,6,4.61
548,Ossora,RU,2021-11-27 22:41:20,59.2353,163.0719,18.45,96,100,11.43
549,Marinette,US,2021-11-27 22:41:21,45.1,-87.6307,32.49,100,90,5.75
550,Satwas,IN,2021-11-27 22:41:21,22.5333,76.6833,61.77,42,68,5.97
551,Yerbogachen,RU,2021-11-27 22:41:21,61.2767,108.0108,0.59,96,100,7.16
552,Tateyama,JP,2021-11-27 22:41:22,34.9833,139.8667,46.42,45,0,15.5
553,Ndjole,GA,2021-11-27 22:41:22,-0.1783,10.7649,74.08,99,99,1.79
554,Tagusao,PH,2021-11-27 22:41:22,9.1924,117.8141,79.97,80,100,2.04
555,Balkanabat,TM,2021-11-27 22:41:22,39.5108,54.3671,48.4,51,0,3.06
556,Dwarka,IN,2021-11-27 22:41:23,22.2394,68.9678,75.69,61,5,6.87
557,Karlstad,SE,2021-11-27 22:39:17,59.3793,13.5036,27.16,86,100,11.5
558,Okhtyrka,UA,2021-11-27 22:41:23,50.3104,34.8988,42.15,95,99,7.31
559,Papayal,PE,2021-11-27 22:42:23,-4.0761,-80.7361,75.56,70,92,5.88
560,Ota,JP,2021-11-27 22:37:40,36.3,139.3667,34.77,51,2,8.9
561,Gazojak,TM,2021-11-27 22:42:24,41.1875,61.4036,36.45,51,83,7.47
562,San Cristobal,VE,2021-11-27 22:42:24,7.7669,-72.225,75.38,92,42,0.31
563,Tocopilla,CL,2021-11-27 22:42:24,-22.092,-70.1979,67.69,65,58,7.09
564,Moose Factory,CA,2021-11-27 22:42:25,51.2585,-80.6094,14.0,73,1,4.61
565,Coahuayana,MX,2021-11-27 22:42:25,18.7333,-103.6833,82.99,64,44,5.64
566,Stromness,GB,2021-11-27 22:42:25,58.965,-3.296,32.25,53,100,13.91
567,Theunissen,ZA,2021-11-27 22:42:25,-28.411,26.7011,59.49,86,20,10.98
568,Asau,RO,2021-11-27 22:42:26,46.4333,26.4,40.12,82,4,3.8
569,Jumla,NP,2021-11-27 22:42:26,29.2747,82.1838,37.18,47,0,4.47
570,Atherton,GB,2021-11-27 22:42:26,53.5237,-2.4935,35.15,62,22,10.89
571,Ketchikan,US,2021-11-27 22:42:27,55.3422,-131.6461,45.07,93,90,16.11
572,Redding,US,2021-11-27 22:42:27,40.5865,-122.3917,69.03,49,1,3.44
573,Wloclawek,PL,2021-11-27 22:42:27,52.6482,19.0678,32.72,90,99,5.5
574,Newport,GB,2021-11-27 22:42:27,51.5877,-2.9984,37.4,61,9,17.98
575,Poso,ID,2021-11-27 22:42:28,-1.3959,120.7524,77.38,90,94,3.13
576,Nizhniy Baskunchak,RU,2021-11-27 22:42:28,48.2198,46.8311,34.83,85,100,12.21
577,Williamsburg,US,2021-11-27 22:42:24,37.2707,-76.7075,44.89,48,1,0.0
578,Barmer,IN,2021-11-27 22:42:28,25.75,71.3833,68.2,36,51,3.38
579,Sinjar,IQ,2021-11-27 22:42:29,36.3209,41.8754,55.87,57,98,1.81
580,Riacho De Santana,BR,2021-11-27 22:42:29,-13.6092,-42.9389,70.5,90,99,1.25
581,Along,IN,2021-11-27 22:42:29,28.1667,94.7667,51.19,68,0,1.77
582,Meadow Lake,US,2021-11-27 22:42:29,34.8014,-106.5436,65.17,21,1,3.15
583,Warrington,GB,2021-11-27 22:42:30,53.3925,-2.5802,35.71,55,0,16.11
